"WBIC","lake","depth_feet","area_acres","volume_acre_ft"
1138400,"35i",27,15.01673889,203.227008508065
1138400,"35i",22,12.3323916962403,134.854182042464
1138400,"35i",17,9.5533489470402,80.139830434263
1138400,"35i",12,7.2623952619818,38.100469911708
1138400,"35i",7,3.6272932788795,10.8762485595547
1138400,"35i",2,0.516575817816,0.516575817816
1138400,"35i",0,0,0
1831700,"adelaide",21,57.23088854,403.07552712261
1831700,"adelaide",19,49.5409658275877,296.303672755023
1831700,"adelaide",16,34.9839482885739,169.51630158078
1831700,"adelaide",11,13.7556016172252,47.6674268162825
1831700,"adelaide",6,2.56942526663458,6.85485960663321
1831700,"adelaide",1,0.143765480015582,0.071882740007791
1831700,"adelaide",0,0,0
2329600,"alder",30,264.2953848,2935.96228340467
2329600,"alder",25,182.894520644678,1817.98751979298
2329600,"alder",20,132.71592747732,1028.96139948798
2329600,"alder",15,89.408485723992,473.6503664847
2329600,"alder",10,42.892497999192,142.89790717674
2329600,"alder",5,6.7395323124,18.81783139776
2329600,"alder",0,0.787600246704,0
2449300,"alexander",10,50.11553426,286.078262881427
2449300,"alexander",5,32.111528577095,80.51060578869
2449300,"alexander",0,0.092713738381,0
2165700,"anderson",25,44.56288578,508.302100360992
2165700,"anderson",20,32.782686924057,314.93816860085
2165700,"anderson",15,23.9721587764932,173.051054349474
2165700,"anderson",10,15.3826625423982,74.6640010522455
2165700,"anderson",5,6.855999977253,19.0673447531175
2165700,"anderson",0,0.770937923994,0
2449400,"antler",22,94.02840385,847.491167876589
2449400,"antler",19,83.284718426099,581.521484462441
2449400,"antler",17,73.389169204925,424.847596831416
2449400,"antler",12,45.79183267495,126.895092131729
2449400,"antler",7,2.059222044315,7.2674553335665
2449400,"antler",2,0.605542920794,0.605542920794
2449400,"antler",0,0,0
1541500,"arrowhead",43,96.36182269,1892.41996364388
1541500,"arrowhead",38,80.7328986679089,1449.6831602491
1541500,"arrowhead",33,71.9389187292195,1068.00361675628
1541500,"arrowhead",28,63.3829524925744,729.698938701798
1541500,"arrowhead",23,51.7241355653113,441.931218557084
1541500,"arrowhead",18,35.0882304961097,224.900303403531
1541500,"arrowhead",13,18.9900243975183,89.7046661694613
1541500,"arrowhead",8,7.1076480416144,24.4604850716296
1541500,"arrowhead",3,1.6728412418984,2.5092618628476
1541500,"arrowhead",0,0,0
2410400,"augustine",10,171.1245206,1168.45790597667
2410400,"augustine",7,164.931524199486,664.37383877744
2410400,"augustine",5,142.159984243244,357.28233033471
2410400,"augustine",0,0.75294789064,0
2340700,"ballard",25,502.5889546,5368.03954156781
2340700,"ballard",20,419.073748014118,3063.88278503252
2340700,"ballard",15,222.69716578326,1459.45550053907
2340700,"ballard",10,126.808219135126,585.69203824311
2340700,"ballard",5,53.279455077146,135.47285271243
2340700,"ballard",0,0.909686007826,0
1523500,"bearskin",27,184.0830352,1453.83718917492
1523500,"bearskin",24,164.500281915424,930.962213501784
1523500,"bearskin",22,123.779273698832,642.682657887528
1523500,"bearskin",17,47.139983654016,215.384514505408
1523500,"bearskin",12,16.707376274752,55.766114683488
1523500,"bearskin",7,2.588207474912,7.527155309328
1523500,"bearskin",2,0.301896177728,0.301896177728
1523500,"bearskin",0,0,0
1405200,"bigbass",13,176.9361856,918.778300326976
1405200,"bigbass",10,155.498597352704,420.12612589792
1405200,"bigbass",8,74.705996284032,189.921532261184
1405200,"bigbass",3,0.789135387776,1.183703081664
1405200,"bigbass",0,0,0
2453300,"bigbass",27,201.2364266,2966.58715365188
2453300,"bigbass",24,185.51986168254,2386.45272122807
2453300,"bigbass",22,161.659258580578,2039.27360096495
2453300,"bigbass",17,135.997589460546,1295.13148086214
2453300,"bigbass",12,117.560509291881,661.236233981075
2453300,"bigbass",7,68.235247531528,196.746841922554
2453300,"bigbass",2,7.473920883924,7.473920883924
2453300,"bigbass",0,0,0
1834700,"bigbeaver",43,15.87439418,325.887343048522
1834700,"bigbeaver",38,14.1444027022636,250.840350842863
1834700,"bigbeaver",33,12.1212111640226,185.176316177147
1834700,"bigbeaver",28,9.9957885272624,129.883816948935
1834700,"bigbeaver",23,7.9556113872488,85.0053171626566
1834700,"bigbeaver",18,6.0924337423422,49.8852043386791
1834700,"bigbeaver",13,4.2586237266686,24.0075606661521
1834700,"bigbeaver",8,2.1981273621046,7.8656829442191
1834700,"bigbeaver",3,0.5925911347394,0.8888867021091
1834700,"bigbeaver",0,0,0
1835100,"bigdummy",54,113.7264379,1349.8896018266
1835100,"bigdummy",51,106.776615279931,1019.1350220567
1835100,"bigdummy",49,81.251853557655,831.106553219115
1835100,"bigdummy",44,31.386222331642,549.511363495873
1835100,"bigdummy",40,26.891753505834,432.955411820921
1835100,"bigdummy",34,21.510218464406,287.749495910201
1835100,"bigdummy",29,16.587000967715,192.506447329898
1835100,"bigdummy",24,11.883275496171,121.330756170183
1835100,"bigdummy",19,8.40438376081,70.611608027731
1835100,"bigdummy",14,5.489575157433,35.8767107321235
1835100,"bigdummy",9,3.476617206603,13.4612298220335
1835100,"bigdummy",4,1.059930401228,2.119860802456
1835100,"bigdummy",0,0,0
2314300,"bigmartha",55,145.6419076,2051.81047636418
2314300,"bigmartha",50,98.452473118524,1441.57452456787
2314300,"bigmartha",45,76.853778221444,1003.30889621795
2314300,"bigmartha",40,57.796534611984,666.68311413438
2314300,"bigmartha",35,34.926385861556,434.87581295053
2314300,"bigmartha",30,27.862753342956,277.90296493925
2314300,"bigmartha",25,21.026322200212,155.68027608133
2314300,"bigmartha",20,13.929192042864,68.29149047364
2314300,"bigmartha",15,3.907572380908,23.69957941421
2314300,"bigmartha",10,1.845282969292,9.31744103871
2314300,"bigmartha",5,0.806856168104,2.68709319522
2314300,"bigmartha",0,0.267981109984,0
2079000,"bigmoon",48,186.9944919,4453.52065732781
2079000,"bigmoon",45,169.845227047851,3918.26107890603
2079000,"bigmoon",43,144.701947666977,3603.7139041912
2079000,"bigmoon",38,134.84172810909,2904.85471475104
2079000,"bigmoon",33,124.573860558861,2256.31574308116
2079000,"bigmoon",28,110.409027797436,1668.85852219042
2079000,"bigmoon",23,96.980953334097,1150.38356936158
2079000,"bigmoon",18,84.039064549698,697.833524652096
2079000,"bigmoon",13,67.041265235988,320.132700187881
2079000,"bigmoon",8,23.316343195011,94.2386791103835
2079000,"bigmoon",3,8.986955280714,13.480432921071
2079000,"bigmoon",0,0,0
2419000,"bigole",30,87.53011287,1285.38408400159
2419000,"bigole",25,77.5070396452563,872.791202713453
2419000,"bigole",20,61.9047970261788,524.261611034865
2419000,"bigole",15,40.8783133125474,267.30383518805
2419000,"bigole",10,21.978811341657,110.161023552538
2419000,"bigole",5,9.5110220644542,31.4364400372605
2419000,"bigole",0,3.06355395045,0
1374800,"bigrocheacri",20,216.5113271,2163.53273831217
1374800,"bigrocheacri",15,193.695363450202,1138.01601193666
1374800,"bigrocheacri",10,101.569793769152,399.85311888828
1374800,"bigrocheacri",5,29.18572689308,72.9643172327
1374800,"bigrocheacri",0,0,0
1602600,"bigsand",56,1427.485345,21585.6910947106
1602600,"bigsand",51,1119.36263328175,15218.5711490062
1602600,"bigsand",46,795.3662845271,10431.7488544841
1602600,"bigsand",41,640.95519475845,6840.94515627023
1602600,"bigsand",36,526.3994958222,3922.5584298186
1602600,"bigsand",26,104.53475181435,767.88719163585
1602600,"bigsand",16,18.79998199365,151.21352259585
1602600,"bigsand",6,7.15170157845,21.45510473535
1602600,"bigsand",0,0,0
1835500,"bills",25,70.17232018,868.733186115222
1835500,"bills",20,59.1562356932049,545.411796432209
1835500,"bills",15,42.9944801576958,290.035006804958
1835500,"bills",10,25.724904098691,118.236546163991
1835500,"bills",5,10.5639833147465,27.514327630397
1835500,"bills",0,0.441747737412333,0
1523800,"birch",27,197.5104327,2569.51296176281
1523800,"birch",22,154.121340844464,1690.43352790165
1523800,"birch",17,118.073711772387,1009.94589635953
1523800,"birch",12,86.580673278372,498.309933732629
1523800,"birch",7,52.994024197737,149.373190042356
1523800,"birch",2,4.825179870861,4.825179870861
1523800,"birch",0,0,0
2113000,"birch",73,364.0121439,9046.68642876425
2113000,"birch",68,298.540919698146,7390.30376976889
2113000,"birch",63,244.259428799778,6033.30289852407
2113000,"birch",53,182.089794743097,3901.5567808097
2113000,"birch",43,140.18107661589,2290.20242401476
2113000,"birch",33,84.214209491265,1168.22599347899
2113000,"birch",23,53.54618636769,479.424014184214
2113000,"birch",13,19.591133584698,113.737414422274
2113000,"birch",3,2.427960999813,3.6419414997195
2113000,"birch",0,0,0
2453500,"birchisland",13,768.0462397,4316.55427520595
2453500,"birchisland",10,653.015954380131,2184.96098408575
2453500,"birchisland",8,427.586702565784,1104.35832713984
2453500,"birchisland",3,8.847892681344,13.271839022016
2453500,"birchisland",0,0,0
2454100,"bluegill",68,20.0919168,506.05410384576
2454100,"bluegill",63,17.66481325056,411.66227871936
2454100,"bluegill",58,15.14327769216,329.64205136256
2454100,"bluegill",53,12.18373834752,261.32451126336
2454100,"bluegill",48,9.812088488448,206.33494417344
2454100,"bluegill",43,7.907575694976,162.03578371488
2454100,"bluegill",38,6.53288674752,125.93462760864
2454100,"bluegill",33,5.23796270976,96.50750396544
2454100,"bluegill",28,4.540371358464,72.06166879488
2454100,"bluegill",23,3.681040076928,51.5081402064
2454100,"bluegill",18,2.851645751424,35.17642563552
2454100,"bluegill",13,2.480748967296,21.84543883872
2454100,"bluegill",8,2.068663753728,10.47190703616
2454100,"bluegill",3,1.32506191296,1.98759286944
2454100,"bluegill",0,0,0
2356800,"bog",9,38.17352988,216.179075611853
2356800,"bog",6,33.7323953412399,108.320187779993
2356800,"bog",4,24.8625974795844,49.7251949591688
2356800,"bog",0,0,0
1619100,"boot",15,285.8222182,2578.80381059877
1619100,"boot",12,258.0974630346,1762.92428874687
1619100,"boot",10,233.582491379586,1271.24433433268
1619100,"boot",5,137.457621176744,343.64405294186
1619100,"boot",0,0,0
1836600,"boot",20,31.33390315,260.139744709606
1836600,"boot",15,21.0116353770522,129.275898391976
1836600,"boot",10,10.6265742741884,50.1803742638741
1836600,"boot",5,4.50421840326377,12.3533925702436
1836600,"boot",0,0.437138624833684,0
1836700,"boot",44,87.84146043,1495.37349370313
1836700,"boot",41,77.1177749407056,1247.93464064707
1836700,"boot",39,64.03642465347,1106.78044105289
1836700,"boot",34,54.2359529132949,811.09949713598
1836700,"boot",29,43.9128244835613,565.72755364384
1836700,"boot",24,33.5440184944041,372.085446198926
1836700,"boot",19,26.6467070214405,221.608632409315
1836700,"boot",14,20.5426039361598,103.635355015314
1836700,"boot",9,10.3134658690863,26.4951805021987
1836700,"boot",4,0.158114628774,0.316229257548
1836700,"boot",0,0,0
2297800,"boot",16,177.7055474,1805.34442009061
2297800,"boot",13,156.970864129368,1303.32980279655
2297800,"boot",11,139.999984352668,1006.35895431452
2297800,"boot",6,110.214757552954,380.822099550463
2297800,"boot",1,35.095068556026,17.547534278013
2297800,"boot",0,0,0
1537800,"booth",34,204.1477817,3301.71269560135
1537800,"booth",29,183.520689837032,2332.54151675877
1537800,"booth",24,155.832126205061,1484.15947665354
1537800,"booth",19,118.275058805712,798.89151412661
1537800,"booth",14,62.740737749861,346.352022737677
1537800,"booth",9,28.290799587986,118.77317939306
1537800,"booth",4,10.67692898291,21.35385796582
1537800,"booth",0,0,0
1541300,"brandy",44,112.7731067,2226.33002121172
1541300,"brandy",39,95.332745748845,1706.06539008961
1541300,"brandy",34,83.631408197653,1258.65500522336
1541300,"brandy",29,70.300499254646,873.825236592617
1541300,"brandy",24,55.443770177988,559.464563011033
1541300,"brandy",19,38.382326865345,324.8993204027
1541300,"brandy",14,25.319817916284,165.643958448628
1541300,"brandy",9,14.952586217353,64.962948114535
1541300,"brandy",4,6.129218349145,12.25843669829
1541300,"brandy",0,0,0
1782700,"bugle",10,24.57596762,74.9727508961418
1782700,"bugle",7,12.6455064099231,19.1405398512572
1782700,"bugle",5,1.78737738981373,4.70765605152044
1782700,"bugle",0,0.0956850307944452,0
2105800,"butternut",14,144.9810406,1183.53532721323
2105800,"butternut",11,136.000914945236,762.062393895374
2105800,"butternut",9,120.640173693666,505.421305256472
2105800,"butternut",4,45.293526893846,90.587053787692
2105800,"butternut",0,0,0
2079400,"camelia",6,61.82618139,270.367746003912
2079400,"camelia",3,51.6520649804616,100.150376448219
2079400,"camelia",1,30.2008530853872,18.2974583823705
2079400,"camelia",0,6.3940636793538,0
2431300,"chippewa",11,281.9427709,1248.77528201486
2431300,"chippewa",8,157.625744927063,589.422508274268
2431300,"chippewa",6,99.319979904943,332.476783442262
2431300,"chippewa",1,28.058944559968,14.029472279984
2431300,"chippewa",0,0,0
2425700,"christy",10,121.8764324,821.980198625184
2425700,"christy",5,93.3296908964834,283.964890383976
2425700,"christy",0,20.2562652571069,0
1628450,"clair",18,51.47568768,545.263943103552
1628450,"clair",16,48.0813808343808,445.706874589171
1628450,"clair",14,43.545857992896,354.079635761894
1628450,"clair",12,37.4140740764544,273.119703692544
1628450,"clair",6,24.6249394723584,87.0026630461056
1628450,"clair",0,4.3759482096768,0
1613300,"crooked",13,174.5303912,1055.09293718114
1613300,"crooked",10,145.731131348088,574.700653359008
1613300,"crooked",8,91.015853706888,337.953668304032
1613300,"crooked",6,60.460818119504,186.47699647764
1613300,"crooked",4,42.077532014408,83.938646343728
1613300,"crooked",2,19.58230989264,22.27880443668
1613300,"crooked",0,2.69649454404,0
2459100,"crooked",10,168.0282624,948.790906891776
2459100,"crooked",7,138.85015463424,488.473281340416
2459100,"crooked",5,98.160430611456,251.46269609472
2459100,"crooked",0,2.424647826432,0
2459200,"crooked",13,250.3118394,1440.20796632301
2459200,"crooked",10,194.359633938918,773.20075631463
2459200,"crooked",8,138.192160295952,440.64896207976
2459200,"crooked",3,23.79214033497,35.688210502455
2459200,"crooked",0,0,0
1612500,"crystal",9,116.3384406,585.349301880261
1612500,"crystal",6,92.876467284198,271.526940053964
1612500,"crystal",4,59.550157589922,119.100315179844
1612500,"crystal",0,0,0
1842400,"crystal",67,92.64291244,3195.92652263006
1842400,"crystal",62,84.8185421911812,2752.27288605211
1842400,"crystal",57,68.7802968896969,2368.27578834991
1842400,"crystal",52,65.9415866848855,2031.47107941346
1842400,"crystal",47,63.398900045766,1708.11986258683
1842400,"crystal",42,60.0304634114832,1399.5464539437
1842400,"crystal",37,56.2912183321562,1108.74224958461
1842400,"crystal",32,51.1061319123286,840.248873973393
1842400,"crystal",27,43.7180068548265,603.188527055505
1842400,"crystal",22,35.5726846854363,404.961798204848
1842400,"crystal",17,27.5551200568742,247.142286349072
1842400,"crystal",12,20.5751959767353,126.816496265049
1842400,"crystal",7,11.4919464931535,46.6486400903268
1842400,"crystal",2,5.11964967355517,5.11964967355517
1842400,"crystal",0,0,0
1842500,"crystal",46,89.70810038,1510.93238884148
1842500,"crystal",43,80.552599574062,1255.54133891039
1842500,"crystal",41,64.4814485614667,1110.50729077486
1842500,"crystal",36,55.6510392360418,810.176071281088
1842500,"crystal",31,46.6230400149253,554.49087315367
1842500,"crystal",26,35.9084422074722,348.162167597676
1842500,"crystal",21,25.6113930856484,194.362579364875
1842500,"crystal",16,15.4850915811367,91.6213676979124
1842500,"crystal",11,7.92000397747543,33.108628801382
1842500,"crystal",6,2.50827463898925,7.03793226022026
1842500,"crystal",1,0.255748554249041,0.12787427712452
1842500,"crystal",0,0,0
2469700,"crystal",22,14.32766947,161.761680743415
2469700,"crystal",19,13.0121028592646,120.752022249518
2469700,"crystal",17,10.6660902602468,97.0738291300069
2469700,"crystal",12,8.6519064861542,48.7788372640044
2469700,"crystal",7,4.6573522379182,15.5056904538234
2469700,"crystal",2,1.1035171025794,1.1035171025794
2469700,"crystal",0,0,0
1842800,"currier",39,18.39066567,321.492457949245
1842800,"currier",36,16.9151707013165,268.53370339227
1842800,"currier",34,15.5231561686676,236.095376522286
1842800,"currier",29,13.1843040990117,164.326725853088
1842800,"currier",24,11.0562147958217,103.725428616004
1842800,"currier",19,6.64155563951714,59.4810025276571
1842800,"currier",14,4.98750751851956,30.4083446325653
1842800,"currier",9,2.71587546520475,11.1498871732546
1842800,"currier",4,0.968933002276157,1.93786600455231
1842800,"currier",0,0,0
2092700,"dark",62,16.26324778,364.209335315182
2092700,"dark",57,13.0258856769132,290.986501672899
2092700,"dark",52,10.6413682874096,231.818366762092
2092700,"dark",47,8.8133792369376,183.181497951224
2092700,"dark",42,7.5588323031884,142.250969100909
2092700,"dark",37,6.207681677626,107.834684148873
2092700,"dark",32,5.2130214434012,79.2829263463055
2092700,"dark",27,4.3541593281394,55.364974417454
2092700,"dark",22,3.338031606845,36.134497079993
2092700,"dark",17,2.3238554752842,21.97977937467
2092700,"dark",12,1.6085978379198,12.14864609166
2092700,"dark",7,1.1922586947518,5.146504759981
2092700,"dark",2,0.618816578029,0.618816578029
2092700,"dark",0,0,0
1843500,"day",57,109.9055078,2212.41022967939
1843500,"day",52,95.1102611198295,1699.87080737982
1843500,"day",47,76.547706414943,1270.72588854289
1843500,"day",42,58.7414672313207,932.502954427227
1843500,"day",37,44.7482006019448,673.778784844063
1843500,"day",32,33.7459482924348,477.543412608115
1843500,"day",27,27.883788534407,323.46907054101
1843500,"day",22,24.1079182112003,193.489803676992
1843500,"day",17,17.4152382500179,89.6819125239461
1843500,"day",12,6.92385575581643,28.8341775093602
1843500,"day",7,1.92075635330319,6.72264723656115
1843500,"day",0,0,0
1445100,"deepwoods",25,71.00241202,781.753951931145
1445100,"deepwoods",22,65.6055186823598,576.842055877605
1445100,"deepwoods",20,57.6553786084804,453.581158586765
1445100,"deepwoods",15,43.8603199771146,199.791912122777
1445100,"deepwoods",10,14.4830720038396,53.933432170392
1445100,"deepwoods",5,3.290961797127,9.4983476679755
1445100,"deepwoods",0,0.5083772700632,0
2239100,"deer",18,142.5128469,794.893193589895
2239100,"deer",15,97.979007372219,434.155412181567
2239100,"deer",13,63.358361474802,272.818043334546
2239100,"deer",8,20.540376623697,63.0711980882985
2239100,"deer",3,2.930064132264,4.395096198396
2239100,"deer",0,0,0
2460700,"deer",23,152.8050263,1918.93927272777
2460700,"deer",18,129.516012241617,1213.13667637372
2460700,"deer",13,101.089693199028,636.622412772112
2460700,"deer",8,65.195792521158,220.908698471647
2460700,"deer",3,14.479804292188,21.719706438282
2460700,"deer",0,0,0
1844400,"delano",15,13.53854284,125.462957345972
1844400,"delano",10,10.0143602107633,66.5806997190635
1844400,"delano",5,6.69451414522212,24.8085138291
1844400,"delano",0,3.22889138641786,0
1844500,"dells",42,109.4891255,1298.7227807068
1844500,"dells",39,99.109655818726,985.824608728709
1844500,"dells",37,84.0207565502214,802.694196359761
1844500,"dells",32,56.9490101239804,450.269779674257
1844500,"dells",27,38.3567545696038,212.005367940296
1844500,"dells",22,10.9474964176508,88.7447404721601
1844500,"dells",17,6.74787469511665,44.5063126902415
1844500,"dells",12,3.58911090619176,18.6638486869705
1844500,"dells",7,1.85670794058809,5.04930157002084
1844500,"dells",2,0.116437633871606,0.116437633871606
1844500,"dells",0,0,0
1295400,"delton",16,249.2395494,2437.50297564014
1295400,"delton",6,148.387258130784,449.368937986224
1295400,"delton",2,48.7263319077,55.141757909256
1295400,"delton",0,6.415426001556,0
2461100,"devils",24,974.9380945,13243.9880484496
2461100,"devils",21,928.68703129692,10388.5503597542
2461100,"devils",19,879.62814638168,8580.2351820756
2461100,"devils",14,701.03898623117,4628.56735054348
2461100,"devils",9,472.133271023515,1695.63670740676
2461100,"devils",4,111.82539943915,235.7400312501
2461100,"devils",0,6.0446161859,0
1537100,"diamond",17,117.2806444,1109.29838865418
1537100,"diamond",12,91.006261635068,588.581123566508
1537100,"diamond",7,58.144225074188,215.704906793368
1537100,"diamond",2,20.098384030828,20.098384030828
1537100,"diamond",0,0,0
1844700,"diamond",40,114.8524202,2491.42344605557
1844700,"diamond",35,102.054804022261,1949.15538549992
1844700,"diamond",30,90.3058501642069,1468.25375003375
1844700,"diamond",25,77.8231137262457,1047.93134030762
1844700,"diamond",20,63.9796467012165,693.424439238961
1844700,"diamond",15,52.1941442763014,402.989961795167
1844700,"diamond",10,33.1888969740488,189.532358669291
1844700,"diamond",5,20.6864806887387,54.8439145123223
1844700,"diamond",0,1.2510851161902,0
1451700,"dynamite",28,100.4454004,1306.96642083868
1451700,"dynamite",23,84.20840142534,845.331916275334
1451700,"dynamite",18,68.585123847124,463.348103094174
1451700,"dynamite",13,48.858651662568,169.738664319944
1451700,"dynamite",8,8.775914632948,25.652248581154
1451700,"dynamite",3,0.928115499696,1.392173249544
1451700,"dynamite",0,0,0
1315000,"eaglenestflowage",12,350.4005025,1344.33955988145
1315000,"eaglenestflowage",9,217.153703414325,493.008251009963
1315000,"eaglenestflowage",7,75.949308916875,199.905238678763
1315000,"eaglenestflowage",2,2.86627611045,2.86627611045
1315000,"eaglenestflowage",0,0,0
1523000,"easthorsehead",26,191.4666162,3053.17069924693
1523000,"easthorsehead",21,168.904190146992,2152.24368337945
1523000,"easthorsehead",16,144.074799358176,1369.79620961653
1523000,"easthorsehead",11,114.71722309623,722.816153480511
1523000,"easthorsehead",6,82.131519685152,230.694296527056
1523000,"easthorsehead",1,8.455165771392,4.227582885696
1523000,"easthorsehead",0,0,0
2463300,"ellison",18,118.3879714,1512.32938245359
2463300,"ellison",15,111.542778893652,1167.43325701311
2463300,"ellison",13,104.8325486747,951.05792944476
2463300,"ellison",8,87.371506772914,470.547790825725
2463300,"ellison",3,63.02975597336,94.54463396004
2463300,"ellison",0,0,0
1764000,"esadore",36,47.5315237,655.019409423348
1764000,"esadore",33,41.8956752862482,520.878610943976
1764000,"esadore",31,36.3965039114904,442.586431746237
1764000,"esadore",26,28.7318927108906,279.765440190285
1764000,"esadore",21,21.0922399331335,155.205108580225
1764000,"esadore",16,12.7026460869404,70.7178935300401
1764000,"esadore",11,5.94010340073832,24.1110198108433
1764000,"esadore",6,1.81364499713874,4.72664881615064
1764000,"esadore",1,0.0641787744345932,0.0320893872172966
1764000,"esadore",0,0,0
2130100,"fallcreekpond",10,14.96280595,31.198048917988
2130100,"fallcreekpond",7,1.908655526982,5.890856702515
2130100,"fallcreekpond",5,1.137771764438,2.844429411095
2130100,"fallcreekpond",0,0,0
1571100,"fifth",14,237.9843358,1481.16095954365
1571100,"fifth",9,150.734518609004,509.363823521135
1571100,"fifth",4,29.45056155525,58.9011231105
1571100,"fifth",0,0,0
2175700,"finley",30,57.98676596,850.504943357661
2175700,"finley",25,51.8181337971752,575.992693964723
2175700,"finley",20,42.0299677031272,341.372440213967
2175700,"finley",15,29.7524297464164,161.916446590108
2175700,"finley",10,11.3236556566688,59.226233082395
2175700,"finley",5,5.818971964086,16.369664030508
2175700,"finley",0,0.7288936481172,0
1849100,"fish",40,106.8392236,1676.410082391
1849100,"fish",37,88.5426832630094,1383.33722209649
1849100,"fish",35,80.5070029010506,1214.28753593243
1849100,"fish",30,66.7331402991079,846.18717793203
1849100,"fish",25,50.4893282475931,553.131006565278
1849100,"fish",20,37.3134827080639,333.623979176135
1849100,"fish",15,29.0914435430935,167.611663548242
1849100,"fish",10,14.4163832224292,58.8420966344351
1849100,"fish",5,4.49764455708386,11.5570271856524
1849100,"fish",0,0.12516631717712,0
2464400,"fish",7,83.16971996,368.361600643039
2464400,"fish",4,70.7142226987904,137.535686654853
2464400,"fish",2,32.6466101758988,34.1748537801638
2464400,"fish",1,16.8901067294768,9.406495327476
2464400,"fish",0,1.9228839254752,0
2464500,"fish",29,330.1006409,3420.25196451872
2464500,"fish",26,307.3236966779,2464.11545815187
2464500,"fish",24,269.840768903705,1886.95099257026
2464500,"fish",19,127.758851047527,892.951942692181
2464500,"fish",14,83.432936987475,364.972472604676
2464500,"fish",9,26.563198573223,89.982133702931
2464500,"fish",4,5.238697171083,10.477394342166
2464500,"fish",0,0,0
2307300,"fisher",21,441.2113614,3903.76311973576
2307300,"fisher",16,326.116965665196,1985.44230207277
2307300,"fisher",11,206.61928054362,653.601686550732
2307300,"fisher",6,26.018233981758,72.007900237287
2307300,"fisher",1,2.320771760964,1.160385880482
2307300,"fisher",0,0,0
2343200,"fishtrap",34,339.1014727,5243.53624540428
2343200,"fishtrap",29,287.948015543205,3675.91252479627
2343200,"fishtrap",24,227.221723812089,2387.98817640803
2343200,"fishtrap",19,180.466412756213,1368.76783498728
2343200,"fishtrap",14,121.652653331125,613.470169768933
2343200,"fishtrap",9,52.760798137393,177.436541097638
2343200,"fishtrap",4,10.118787945368,20.237575890736
2343200,"fishtrap",0,0,0
2401100,"fishtrap",11,262.603806,1996.04890336794
2401100,"fishtrap",8,237.5776632882,1245.77669943564
2401100,"fishtrap",6,212.58303303312,795.61600311432
2401100,"fishtrap",1,82.02692484216,59.09110842612
2401100,"fishtrap",0,36.15529201008,0
1593800,"found",21,336.3575863,3536.98333482903
1593800,"found",18,303.071639559752,2577.83949603941
1593800,"found",16,262.517005379561,2012.25085110009
1593800,"found",11,197.902713051331,861.201555022862
1593800,"found",6,70.271826929796,190.765205070045
1593800,"found",1,5.028545915185,2.5142729575925
1593800,"found",0,0,0
1572000,"fourth",12,252.9495855,1428.64914092058
1572000,"fourth",7,138.15600460839,450.885165649605
1572000,"fourth",2,30.14147260818,30.14147260818
1572000,"fourth",0,0,0
2465700,"george",50,49.75568259,772.995328695374
2465700,"george",47,43.2003714087675,633.561247697222
2465700,"george",45,36.4594715314743,553.901404756981
2465700,"george",40,21.7501990873926,408.377228209813
2465700,"george",35,18.3707931258798,308.074747676633
2465700,"george",30,15.135678643878,224.308568252238
2465700,"george",25,12.5274857625102,155.150657236267
2465700,"george",20,9.5107987270785,100.054946012296
2465700,"george",15,7.4225527287762,57.721567372659
2465700,"george",10,5.0462213282778,26.549632230024
2465700,"george",5,2.7868157818659,6.96703945466475
2465700,"george",0,0,0
2423000,"ghost",12,384.051228,2079.925438041
2423000,"ghost",9,332.4347429568,1005.1964816058
2423000,"ghost",7,189.4524707724,483.3092678766
2423000,"ghost",2,2.7651688416,2.7651688416
2423000,"ghost",0,0,0
1589300,"gilmore",24,313.5280476,3478.28172771464
1589300,"gilmore",19,268.292220892272,2023.73105648396
1589300,"gilmore",14,179.968234602876,903.079917746088
1589300,"gilmore",9,68.822541728676,281.102976917208
1589300,"gilmore",4,24.232582799004,48.465165598008
1589300,"gilmore",0,0,0
1851000,"goodman",15,13.80442165,121.842311919936
1851000,"goodman",10,10.1916664599785,61.85209164499
1851000,"goodman",5,6.0909249646295,21.14561308347
1851000,"goodman",0,2.3673202687585,0
2314100,"grandportage",33,147.4983374,2204.86267180679
2314100,"grandportage",30,137.2472029507,1777.74436128074
2314100,"grandportage",28,124.640520053122,1515.85663827691
2314100,"grandportage",23,107.40828929468,935.734614907409
2314100,"grandportage",18,84.355774142434,456.324456314624
2314100,"grandportage",13,39.24930758214,147.311752003189
2314100,"grandportage",8,7.4486660387,30.566817951089
2314100,"grandportage",3,2.92046708052,4.643985153039
2314100,"grandportage",0,0.175523021506,0
1764400,"grassyknoll",6,59.11637357,287.002236136228
1764400,"grassyknoll",3,57.0985065066726,112.679916021219
1764400,"grassyknoll",1,37.0542730096979,18.5271365048489
1764400,"grassyknoll",0,0,0
2467200,"green",6,250.939177,1073.94063171925
2467200,"green",3,208.72116986152,384.450111426965
2467200,"green",1,112.70431256601,63.024628999435
2467200,"green",0,13.34494543286,0
1539700,"gunlock",26,263.8238804,3252.1596119296
1539700,"gunlock",23,232.927465766356,2507.03259268007
1539700,"gunlock",21,202.994008296172,2071.11111861754
1539700,"gunlock",16,165.99798554768,1148.63113400791
1539700,"gunlock",11,104.64574216066,472.021814737062
1539700,"gunlock",6,40.789810148644,108.432933963802
1539700,"gunlock",1,2.152802864064,1.076401432032
1539700,"gunlock",0,0,0
2150200,"hallie",13,78.63694176,470.335805545445
2150200,"hallie",10,63.2760015566016,257.466390570542
2150200,"hallie",8,45.4623751397088,148.728013874232
2150200,"hallie",3,8.76801900624,13.15202850936
2150200,"hallie",0,0,0
2328400,"hiawthat",59.04,36.28192137,1017.94813562438
2328400,"hiawthat",52.48,31.6809020753062,795.030074723771
2328400,"hiawthat",42.615,25.5261457798635,512.856311178147
2328400,"hiawthat",32.8,19.0614330301569,294.042768167971
2328400,"hiawthat",26.24,15.2235313876383,181.588084877603
2328400,"hiawthat",19.68,10.5380840619165,97.0899862030636
2328400,"hiawthat",13.12,6.4095642292242,41.501699808122
2328400,"hiawthat",6.56,3.0810607627404,10.3724498344782
2328400,"hiawthat",0,0.0812715038688,0
2344000,"high",36,741.0649349,12844.2560220764
2344000,"high",31,665.505954137596,9327.82879948239
2344000,"high",26,617.299680122351,6120.81471383253
2344000,"high",21,405.844211597985,3562.95498453169
2344000,"high",16,302.13217395873,1793.0140206399
2344000,"high",11,181.835103076413,583.095828052041
2344000,"high",6,25.181386487902,65.554604141254
2344000,"high",1,0.867045973833,0.4335229869165
2344000,"high",0,0,0
1564600,"hilt",64,60.87510888,1430.01566082236
1564600,"hilt",61,52.7951556783576,1259.51026398482
1564600,"hilt",54,42.0787015111224,927.451763821642
1564600,"hilt",44,33.0387478424424,551.864517053818
1564600,"hilt",34,21.4590846312888,279.375354685162
1564600,"hilt",24,12.412434700632,110.017758025558
1564600,"hilt",14,4.0536735003192,27.6872170208016
1564600,"hilt",4,1.0598356456008,2.1196712912016
1564600,"hilt",0,0,0
1568900,"hixon",28,57.50282572,673.117152341433
1568900,"hixon",23,44.9292578480648,417.036943421271
1568900,"hixon",18,29.7669127622152,230.296516895571
1568900,"hixon",13,19.358326278638,107.483419293438
1568900,"hixon",8,10.8197316874752,32.0382743781552
1568900,"hixon",3,1.2472362898668,1.8708544348002
1568900,"hixon",0,0,0
1588000,"horsehead",11,377.1936946,2824.96200021113
1588000,"horsehead",6,323.564295101772,1073.0670259567
1588000,"horsehead",1,88.052096067424,44.026048033712
1588000,"horsehead",0,0,0
1513900,"hultamn",14,181.9201652,1449.72725408376
1513900,"hultamn",11,166.673436154588,926.836852051874
1513900,"hultamn",9,152.77655473496,607.386861162326
1513900,"hultamn",4,50.098994294428,100.197988588856
1513900,"hultamn",0,0,0
2400600,"hunter",10,133.6977628,668.36848601348
2400600,"hunter",5,65.362162277664,170.71867331932
2400600,"hunter",0,2.925307050064,0
1249000,"indian",7,64.15873797,282.009700667766
1249000,"indian",5,58.7221189906361,159.12884370713
1249000,"indian",4,50.0361165680436,104.74972592779
1249000,"indian",3,39.4492832156139,60.0070260359613
1249000,"indian",2,26.8222019957382,26.8712834302853
1249000,"indian",1,13.178204779038,6.87108004289715
1249000,"indian",0,0.5639553067563,0
1598900,"indian",26,354.4493451,3511.59700728127
1598900,"indian",21,237.668919369903,2031.30134610651
1598900,"indian",16,154.511558515992,1050.85015139177
1598900,"indian",11,96.211730233944,424.041929516934
1598900,"indian",6,35.813561828904,93.978699359814
1598900,"indian",1,1.481598262518,0.740799131259
1598900,"indian",0,0,0
2448700,"indian",9,75.70296689,466.336332279751
2448700,"indian",6,68.791286012943,249.594952925337
2448700,"indian",4,60.2678889707979,120.535777941596
2448700,"indian",0,0,0
2470600,"island",44,251.9617118,3531.44118082076
2470600,"island",41,231.1748705765,2806.73630725601
2470600,"island",39,187.615729840516,2387.945706839
2470600,"island",34,134.756682321994,1582.01467643272
2470600,"island",29,110.439857516176,969.023326837297
2470600,"island",24,79.16636984756,495.007758427957
2470600,"island",19,37.690952468162,202.864452638652
2470600,"island",14,13.878051085944,73.941943753387
2470600,"island",9,5.815276308344,24.708625267667
2470600,"island",4,2.260096554846,4.520193109692
2470600,"island",0,0,0
2470800,"island",51,63.05142549,1235.52263190366
2470800,"island",48,59.3206726437567,1051.96448470302
2470800,"island",46,55.3868942074356,937.25691785183
2470800,"island",41,49.7255067126885,674.47591555152
2470800,"island",36,38.2860865860378,454.446932304704
2470800,"island",31,26.5074497902509,292.463091363983
2470800,"island",26,15.9343562498328,186.358576263773
2470800,"island",21,12.4293275068437,115.449366872082
2470800,"island",16,7.8789061292304,64.6787827818969
2470800,"island",11,5.006283183906,32.4658094990559
2470800,"island",6,3.3820784632836,11.4949053810819
2470800,"island",1,1.0132364076243,0.50661820381215
2470800,"island",0,0,0
1855900,"jag",27,161.7092101,1768.01126405608
1855900,"jag",22,138.025279188754,1018.67504083419
1855900,"jag",17,92.914877939258,441.324648014163
1855900,"jag",12,38.460918530184,112.885156840557
1855900,"jag",7,3.148478320647,8.86166471348
1855900,"jag",2,0.282991117675,0.282991117675
1855900,"jag",0,0,0
1857400,"jute",23,190.5657064,3059.56862373622
1857400,"jute",20,183.192719219384,2498.93098530714
1857400,"jute",18,175.12035589628,2140.61791019148
1857400,"jute",13,147.797044912648,1333.32440816916
1857400,"jute",8,122.70525835096,657.068650010136
1857400,"jute",3,87.576376033184,131.364564049776
1857400,"jute",0,0,0
1598300,"kathan",14,214.0756733,1110.02518119516
1598300,"kathan",12,170.631156160498,725.318351734662
1598300,"kathan",10,140.377982009742,414.309213564422
1598300,"kathan",8,92.260192922101,181.671038632579
1598300,"kathan",6,34.55181367062,54.859032039858
1598300,"kathan",4,8.929096333343,11.378122035895
1598300,"kathan",2,1.102489717495,1.346535985057
1598300,"kathan",0,0.244046267562,0
2166100,"kathyrn",58,63.31307775,946.541275585717
2166100,"kathyrn",55,56.3188820509575,767.093335884281
2166100,"kathyrn",53,51.0018497815125,659.772604051811
2166100,"kathyrn",48,39.260439512775,434.116880816093
2166100,"kathyrn",43,26.058396540345,270.819790683293
2166100,"kathyrn",38,15.4958757793125,166.934109884149
2166100,"kathyrn",33,8.63083875888,106.617323538668
2166100,"kathyrn",28,5.436060855615,71.45007450243
2166100,"kathyrn",23,4.022912960235,47.802639962805
2166100,"kathyrn",18,3.037761470445,30.150953886105
2166100,"kathyrn",13,2.09946165819,17.3078960645175
2166100,"kathyrn",8,1.4783603654625,8.36334100538625
2166100,"kathyrn",3,1.1212746069525,1.86425357434875
2166100,"kathyrn",0,0.12156110928,0
2081700,"kidney",32,38.76791886,374.254245977971
2081700,"kidney",29,21.6057488598666,283.693744398171
2081700,"kidney",27,17.3405024268894,244.747493111415
2081700,"kidney",22,14.8233014553096,164.337983405917
2081700,"kidney",17,12.3111403131816,96.5018789846892
2081700,"kidney",12,8.397131225076,44.7312001390452
2081700,"kidney",7,4.2396596065296,13.1392230600312
2081700,"kidney",2,0.7257354410592,0.7257354410592
2081700,"kidney",0,0,0
1631700,"kildare",35,54.29791593,606.38337871062
1631700,"kildare",32,39.9426329164266,465.02255544098
1631700,"kildare",30,32.0010197325048,393.078902792049
1631700,"kildare",25,25.215952157892,250.036473066057
1631700,"kildare",20,18.265818918852,141.332045374197
1631700,"kildare",15,13.1748463212552,62.730382273929
1631700,"kildare",10,5.7865289006601,15.3269442191407
1631700,"kildare",5,0.1721243934981,0.43031098374525
1631700,"kildare",0,0,0
1858200,"kirby",19,97.66029003,707.736309024208
1858200,"kirby",16,76.4953519746984,446.50284601716
1858200,"kirby",14,60.4282810589628,309.579212983499
1858200,"kirby",9,27.9152173021752,88.7204670806538
1858200,"kirby",4,4.2072052944924,8.4144105889848
1858200,"kirby",0,0,0
1858300,"knickerbocker",25,14.73389731,202.864033460168
1858300,"knickerbocker",20,11.84605343724,136.414156592068
1858300,"knickerbocker",15,9.641862399664,82.6943669998078
1858300,"knickerbocker",10,7.5123722214497,39.8087804470235
1858300,"knickerbocker",5,4.1640940577522,10.6176147490187
1858300,"knickerbocker",0,0.0829518418553,0
1630600,"landingmill",23,125.0610416,827.14122303824
1630600,"landingmill",18,76.394787871776,323.5016493588
1630600,"landingmill",13,24.8246167576,70.45313778536
1630600,"landingmill",8,1.478221511712,4.69604211208
1630600,"landingmill",3,0.2501220832,0.3751831248
1630600,"landingmill",0,0,0
2475300,"lily",22,188.5016595,986.978666500942
2475300,"lily",17,57.69281790657,371.492472984517
2475300,"lily",12,29.08580606085,154.545913065967
2475300,"lily",7,16.11689188725,41.5391681957175
2475300,"lily",2,0.356268136455,0.356268136455
2475300,"lily",0,0,0
2475900,"littlebass",4,73.54987361,165.474972363439
2475900,"littlebass",0,9.18761257171957,0
2390500,"littlecourtoreilles",46,221.4056032,3407.6536388512
2390500,"littlecourtoreilles",41,177.10234199968,2411.383775852
2390500,"littlecourtoreilles",36,112.23050026208,1688.0516701976
2390500,"littlecourtoreilles",31,100.932172330784,1155.14498871544
2390500,"littlecourtoreilles",26,85.575479692832,688.8758586564
2390500,"littlecourtoreilles",21,45.538704466176,361.09039825888
2390500,"littlecourtoreilles",16,30.996784448,169.75167597344
2390500,"littlecourtoreilles",11,11.583941159424,63.29986195488
2390500,"littlecourtoreilles",6,6.11079464832,19.06302243552
2390500,"littlecourtoreilles",1,1.26201193824,0.63100596912
2390500,"littlecourtoreilles",0,0,0
2324000,"littlecrawlingstone",44,113.2990016,2080.27730342752
2324000,"littlecrawlingstone",39,94.95589324096,1559.64006632512
2324000,"littlecrawlingstone",34,71.955062926144,1142.36267590736
2324000,"littlecrawlingstone",29,59.057104584,814.832257132
2324000,"littlecrawlingstone",24,50.023775186432,542.13005770592
2324000,"littlecrawlingstone",19,40.672075594368,315.39043075392
2324000,"littlecrawlingstone",14,24.08170279008,153.5059847928
2324000,"littlecrawlingstone",9,13.928979256704,58.47927967584
2324000,"littlecrawlingstone",4,5.25707367424,10.51414734848
2324000,"littlecrawlingstone",0,0,0
2335500,"littlecrooked",30,153.6770697,1717.79460125311
2335500,"littlecrooked",25,108.164068737648,1063.19175515899
2335500,"littlecrooked",20,79.054558195074,595.14518782719
2335500,"littlecrooked",15,51.438788769984,268.911820414545
2335500,"littlecrooked",10,24.677463852426,78.62118885852
2335500,"littlecrooked",5,3.314814393429,8.6404932438825
2335500,"littlecrooked",0,0.141382904124,0
2107600,"littledevils",34,51.98961022,741.474781165436
2107600,"littledevils",31,45.602686604473,595.086335928726
2107600,"littledevils",29,36.5346587899006,512.948990534353
2107600,"littledevils",24,29.251954190283,348.482458083894
2107600,"littledevils",19,24.66907004939,213.679897484711
2107600,"littledevils",14,18.5712086666862,105.579200694521
2107600,"littledevils",9,8.6765460496158,37.4598139037655
2107600,"littledevils",4,3.504099728828,7.008199457656
2107600,"littledevils",0,0,0
1861400,"littledummy",44,42.68678513,530.230059681633
1861400,"littledummy",41,29.3057585952989,422.241244093685
1861400,"littledummy",39,21.9627778172363,370.97270768115
1861400,"littledummy",34,17.6061645268685,272.050351820888
1861400,"littledummy",29,13.9555906625509,193.145963847339
1861400,"littledummy",24,11.5151871566688,129.46901929929
1861400,"littledummy",19,9.2305904165112,77.60457536634
1861400,"littledummy",14,6.4653404757898,38.3647481355875
1861400,"littledummy",9,3.0495439296872,14.577537121895
1861400,"littledummy",4,1.545261621706,3.090523243412
1861400,"littledummy",0,0,0
2332300,"littlejohn",16.4,151.0370109,1810.55338908275
2332300,"littlejohn",9.84,119.196898632171,924.186165817229
2332300,"littlejohn",3.28,88.821845370072,241.884685489871
2332300,"littlejohn",0,58.668816513996,0
1542100,"littlemuskie",19,79.07384454,776.615461395933
1542100,"littlemuskie",14,64.7472453862428,417.062736580326
1542100,"littlemuskie",9,44.9463639749814,142.828713177266
1542100,"littlemuskie",4,6.7695118310694,13.5390236621388
1542100,"littlemuskie",0,0,0
2313100,"littlepike",20,95.97855422,1020.61339061524
2313100,"littlepike",17,85.953594231721,747.715167937657
2313100,"littlepike",15,78.8214278676328,582.940145838303
2313100,"littlepike",10,61.5731218887566,231.95377144733
2313100,"littlepike",5,15.5658019233996,39.106461916939
2313100,"littlepike",0,0.076782843376,0
2477700,"littlesand",21,70.81657421,836.474752082388
2477700,"littlesand",18,66.2786481346232,630.831918565454
2477700,"littlesand",16,61.135948515493,503.417321915337
2477700,"littlesand",11,47.758697647224,231.180706508545
2477700,"littlesand",6,21.6259654322498,57.7190488098605
2477700,"littlesand",1,1.218045076412,0.609022538206
2477700,"littlesand",0,0,0
1540400,"littlespider",23,222.6585154,2882.54827329417
1540400,"littlespider",20,208.833648178814,2235.31002792595
1540400,"littlespider",18,183.098776968882,1843.37760277825
1540400,"littlespider",13,137.282334255024,1042.42482471849
1540400,"littlespider",8,102.796983389872,442.226530606248
1540400,"littlespider",3,46.308518032892,69.462777049338
1540400,"littlespider",0,0,0
1605600,"lonestone",30,170.7664694,2436.72225097116
1605600,"lonestone",25,133.363489607318,1676.39735345286
1605600,"lonestone",20,101.55481935218,1089.10158105412
1605600,"lonestone",15,81.061135359486,632.56169427495
1605600,"lonestone",10,53.178386235854,296.9628902866
1605600,"lonestone",5,28.704135841446,92.25658509335
1605600,"lonestone",0,8.198498195894,0
1000900,"long",20,69.45488397,651.552793778372
1000900,"long",15,54.612375265611,341.384645689344
1000900,"long",10,32.9000839877493,122.603497555943
1000900,"long",5,7.8511800839688,20.725337376648
1000900,"long",0,0.4389548666904,0
1602300,"long",88,885.843712,38677.1899347725
1602300,"long",83,825.52661364992,34398.7641206477
1602300,"long",78,717.95861170176,30540.0510572685
1602300,"long",68,654.09813850368,23679.7673062413
1602300,"long",58,586.72086576896,17475.6722848781
1602300,"long",48,492.11275732736,12081.5041693965
1602300,"long",38,392.72109284096,7657.33491855488
1602300,"long",28,298.41417126144,4201.65859804288
1602300,"long",18,179.86170728448,1810.27920531328
1602300,"long",8,94.81185249536,436.91140641408
1602300,"long",3,49.97044379392,74.95566569088
1602300,"long",0,0,0
2165400,"long",15,30.47776275,214.904038758731
2165400,"long",10,17.9346394902375,93.8730331581375
2165400,"long",5,8.083312236555,28.8281538411563
2165400,"long",0,3.4479492999075,0
2478200,"long",17,273.3414847,2996.87777044294
2478200,"long",14,239.85715282425,2227.07981415657
2478200,"long",12,210.80095300064,1776.42170833168
2478200,"long",7,178.79266514227,802.437662974402
2478200,"long",2,94.98616593325,117.990585285602
2478200,"long",0,23.004419352352,0
2483100,"long",31,46.70210638,733.632180617889
2483100,"long",28,42.031895742,600.531177434889
2483100,"long",26,37.4438808112288,521.05540088166
2483100,"long",21,31.411836751188,348.916106975618
2483100,"long",16,25.00897796649,207.864070181423
2483100,"long",11,18.0111343465108,100.313789398921
2483100,"long",6,10.185729401478,29.821630028949
2483100,"long",1,1.452435508418,0.726217754209
2483100,"long",0,0,0
1407000,"lost",23,42.06600283,514.652305023352
1407000,"lost",18,34.83065034324,322.410672090252
1407000,"lost",13,27.7627205477434,165.927244862794
1407000,"lost",8,15.9943355960226,56.5346045033785
1407000,"lost",3,4.1371913783305,6.20578706749575
1407000,"lost",0,0,0
1593400,"lost",20,538.570492,6224.79505368354
1593400,"lost",17,490.4492185398,4681.26548787384
1593400,"lost",15,458.14576042964,3732.6705089044
1593400,"lost",10,335.66944484392,1748.1324957205
1593400,"lost",5,177.96523337648,464.0458001695
1593400,"lost",0,7.65308669132,0
2166600,"lost",25,20.19635879,253.466322450379
2166600,"lost",20,16.0815526501254,162.771543850066
2166600,"lost",15,11.1794924446166,94.6189311132105
2166600,"lost",10,7.7543919574205,47.2842201081178
2166600,"lost",5,4.5942676975492,16.4125709706935
2166600,"lost",0,1.9707606907282,0
2339800,"lostcanoe",41,279.440255,6114.85238602242
2339800,"lostcanoe",34.44,234.0088583421,4430.73929426033
2339800,"lostcanoe",27.88,194.5518943361,3025.06002547583
2339800,"lostcanoe",21.32,164.2829259145,1848.08181505387
2339800,"lostcanoe",14.76,121.9756713075,909.153616165706
2339800,"lostcanoe",8.2,71.8217343401,273.498125641578
2339800,"lostcanoe",1.64,9.2494724405,7.58456740121
2339800,"lostcanoe",0,0,0
2317600,"lowarsugarbush",61,179.6425269,4178.91452133329
2317600,"lowarsugarbush",56,153.563821269927,3345.89865090847
2317600,"lowarsugarbush",51,131.742643527384,2632.6324889152
2317600,"lowarsugarbush",46,115.97721536664,2013.33284168014
2317600,"lowarsugarbush",41,98.806982645538,1476.37234664969
2317600,"lowarsugarbush",36,78.532527059604,1033.02357238684
2317600,"lowarsugarbush",31,63.318601456443,678.395751096719
2317600,"lowarsugarbush",26,40.969274684814,417.676060743576
2317600,"lowarsugarbush",21,27.562552902267,246.346491775874
2317600,"lowarsugarbush",16,19.458878513808,128.792913235686
2317600,"lowarsugarbush",11,11.8564067754,50.504700012666
2317600,"lowarsugarbush",6,3.706025329947,11.5986197492985
2317600,"lowarsugarbush",1,0.777852141477,0.3889260707385
2317600,"lowarsugarbush",0,0,0
2479900,"lowerpine",102,96.1885202,3671.16280416487
2479900,"lowerpine",99,88.819517667478,3393.65074736365
2479900,"lowerpine",97,82.253689278626,3222.57754041754
2479900,"lowerpine",92,74.458571601618,2830.79688821693
2479900,"lowerpine",87,69.77515255308,2470.21257783019
2479900,"lowerpine",82,64.039431093554,2135.6761187136
2479900,"lowerpine",77,58.321023567664,1829.77498206056
2479900,"lowerpine",72,52.188043519712,1553.50231434212
2479900,"lowerpine",67,43.86677463721,1313.36526894981
2479900,"lowerpine",62,39.428636315182,1105.12674156883
2479900,"lowerpine",57,35.59937132602,917.55672246583
2479900,"lowerpine",52,32.055786241852,748.41882854615
2479900,"lowerpine",47,27.066487699078,600.613143693825
2479900,"lowerpine",42,23.093901814818,475.212169909085
2479900,"lowerpine",37,20.18516096397,367.014512962115
2479900,"lowerpine",32,17.5063106764,272.78583386119
2479900,"lowerpine",27,13.628951427138,194.947678602345
2479900,"lowerpine",22,10.815437211288,133.83670700628
2479900,"lowerpine",17,9.010940572336,84.27076254722
2479900,"lowerpine",12,7.36804064732,43.32330949808
2479900,"lowerpine",7,3.768666221436,15.48154232619
2479900,"lowerpine",2,1.7313933636,1.7313933636
2479900,"lowerpine",0,0,0
1544700,"madeline",17,171.5228295,1522.66733284768
1544700,"madeline",14,158.485379229705,1027.65501975312
1544700,"madeline",12,142.6040804463,726.565560077115
1544700,"madeline",7,73.81656490362,185.513946702315
1544700,"madeline",2,0.27786698379,0.27786698379
1544700,"madeline",0,0,0
2480800,"mallard",35,103.4814473,1436.8895668552
2480800,"mallard",32,86.257995211388,1152.28040308812
2480800,"mallard",30,71.979625112934,994.0427827638
2480800,"mallard",25,54.16218951682,678.688246189415
2480800,"mallard",20,46.083392926109,428.074290082092
2480800,"mallard",15,35.438256442358,224.270166660925
2480800,"mallard",10,21.171269303107,82.7463522972625
2480800,"mallard",5,5.963635807899,14.9090895197475
2480800,"mallard",0,0,0
1678200,"marinuka",7,116.5554182,371.60781207615
1678200,"marinuka",4,68.5928636107,93.8853893601
1678200,"marinuka",2,12.6462628747,12.6462628747
1678200,"marinuka",0,0,0
2171200,"marshmiller",14,440.5643212,3113.57159053588
2171200,"marshmiller",11,375.554649963728,1889.39313379029
2171200,"marshmiller",9,303.143498131296,1210.69498569527
2171200,"marshmiller",4,99.756979249316,203.443792243736
2171200,"marshmiller",0,1.964916872552,0
1003900,"mcgrath",20,51.0765315,505.987105478175
1003900,"mcgrath",15,41.042546886825,275.689409511113
1003900,"mcgrath",10,26.16957167934,107.6591130957
1003900,"mcgrath",5,7.940868352305,22.3830130165875
1003900,"mcgrath",0,1.01233685433,0
2481600,"mclain",30,142.8234536,1525.35019974439
2481600,"mclain",27,132.69727073976,1112.06911323475
2481600,"mclain",25,120.938615804872,858.43322669012
2481600,"mclain",20,66.260084828648,390.43647510632
2481600,"mclain",15,31.191214031704,146.80822795544
2481600,"mclain",10,11.772937280248,39.39784967556
2481600,"mclain",5,1.962394252464,5.05952084378
2481600,"mclain",0,0.061414085048,0
1587600,"mcnaughton",9,120.5718793,476.384920848869
1587600,"mcnaughton",6,84.776499773416,168.362352238745
1587600,"mcnaughton",3,13.663205362276,20.7027945352065
1587600,"mcnaughton",0,0.138657661195,0
2424800,"meadow",5,32.228427,82.2090181631115
2424800,"meadow",0,0.655180265244582,0
2317700,"middlesugarbush",57,254.2579991,3756.98738694135
2317700,"middlesugarbush",54,191.624083601706,3088.16426288879
2317700,"middlesugarbush",52,154.314264813772,2742.22591447331
2317700,"middlesugarbush",47,118.591015940222,2059.96271258833
2317700,"middlesugarbush",42,93.66864686844,1529.31355556667
2317700,"middlesugarbush",37,72.48895554341,1113.91954953705
2317700,"middlesugarbush",32,56.185932641118,792.232329075726
2317700,"middlesugarbush",27,46.862291814121,534.611767937628
2317700,"middlesugarbush",22,35.885973992974,327.741103419891
2317700,"middlesugarbush",17,25.65463210919,173.889588164481
2317700,"middlesugarbush",12,12.473897435846,78.568264301891
2317700,"middlesugarbush",7,7.864199912163,27.7230209318685
2317700,"middlesugarbush",2,2.303577471846,2.303577471846
2317700,"middlesugarbush",0,0,0
2482900,"minnow",50,56.32483878,1593.09511954385
2482900,"minnow",47,54.2160368160768,1427.28380614973
2482900,"minnow",45,51.4533034739178,1321.61446585974
2482900,"minnow",40,45.7464708087282,1078.61503015312
2482900,"minnow",35,42.406971117462,858.231425337646
2482900,"minnow",30,38.8996234066314,654.964939027413
2482900,"minnow",25,34.935481253295,470.377177377597
2482900,"minnow",20,29.145287826711,310.175254677582
2482900,"minnow",15,21.9768255951804,182.369971122853
2482900,"minnow",10,15.9754140231714,87.489372076974
2482900,"minnow",5,9.175316237262,24.6125464258905
2482900,"minnow",0,0.6697023330942,0
1005400,"mission",26,104.4413472,1294.94998669704
1005400,"mission",23,96.504849226272,993.530692057632
1005400,"mission",21,81.21359158272,815.81225124864
1005400,"mission",16,63.74577626352,453.41383163304
1005400,"mission",11,41.120647219584,191.24777292528
1005400,"mission",6,16.87772170752,46.25185060752
1005400,"mission",1,1.35251544624,0.67625772312
1005400,"mission",0,0,0
1005700,"moccasin",30,94.23152632,1352.11403643673
1005700,"moccasin",28,89.821490888224,1168.06101922851
1005700,"moccasin",26,83.4099778374112,994.829550502873
1005700,"moccasin",24,75.57368410864,835.845888556822
1005700,"moccasin",18,54.0502611818888,446.974052685235
1005700,"moccasin",12,35.8654612326552,177.226885441603
1005700,"moccasin",6,11.5216887231464,35.0654355741984
1005700,"moccasin",0,0.1667898015864,0
2103200,"montanis",14,211.6794412,1720.32622741284
2103200,"montanis",11,188.52171033272,1120.02450011376
2103200,"montanis",9,166.881721058844,764.621068722198
2103200,"montanis",4,77.203725794464,154.407451588928
2103200,"montanis",0,0,0
1544000,"mud",26,40.84188621,528.463171933311
1544000,"mud",23,35.3658061069632,414.151633457867
1544000,"mud",21,29.6589693468399,349.126858004064
1544000,"mud",16,24.8208395064033,212.927335870956
1544000,"mud",11,18.4462379067465,104.759642338081
1544000,"mud",6,10.3060415662314,32.8789436556363
1544000,"mud",1,2.3712799133526,1.1856399566763
1544000,"mud",0,0,0
2094600,"mud",15,331.9245981,1796.59665477494
2094600,"mud",12,231.125736148992,952.021153401449
2094600,"mud",10,171.834045190389,549.061372062068
2094600,"mud",5,23.818909159656,59.928986186955
2094600,"mud",0,0.152685315126,0
2110900,"murphydamflowage",10,171.6693749,923.0662288373
2110900,"murphydamflowage",5,92.160703915065,263.491031799638
2110900,"murphydamflowage",0,13.23570880479,0
1555500,"muskellunge",20,159.7085194,1770.92392465392
1555500,"muskellunge",10,98.728612522692,478.738265040455
1555500,"muskellunge",5,44.732759198746,120.08483573686
1555500,"muskellunge",0,3.301175095998,0
1596600,"muskellunge",19,269.8732007,2496.05453454229
1596600,"muskellunge",16,241.771304311109,1728.58777702563
1596600,"muskellunge",14,211.057035339442,1275.75943737508
1596600,"muskellunge",9,132.550921255812,416.739545886943
1596600,"muskellunge",4,18.969387277203,37.938774554406
1596600,"muskellunge",0,0,0
2405900,"muskellunge",8,20.84851596,117.905550491806
2405900,"muskellunge",5,19.2346323395364,57.7808280425016
2405900,"muskellunge",3,14.7369819914856,23.8092137114796
2405900,"muskellunge",0,1.1358271495008,0
1869700,"nebish",52,93.028742,1637.29516089467
1869700,"nebish",49,88.16426908082,1365.50564427344
1869700,"nebish",47,80.80662587604,1196.53474931658
1869700,"nebish",42,65.9294694554,829.69451098798
1869700,"nebish",37,53.8217786841,530.31639063923
1869700,"nebish",32,39.9604961261,295.86070361373
1869700,"nebish",27,24.77541456944,134.02092687488
1869700,"nebish",22,8.50375730622,50.82299718573
1869700,"nebish",17,3.78906066166,20.09095226603
1869700,"nebish",12,1.5907914882,6.64132189138
1869700,"nebish",7,0.46514371,1.50148389588
1869700,"nebish",2,0.09674989168,0.09674989168
1869700,"nebish",0,0,0
2486100,"nicaboyne",34,289.4537847,3417.5316288095
2486100,"nicaboyne",31,265.122299558118,2585.66750242232
2486100,"nicaboyne",29,192.611231952921,2127.93397091129
2486100,"nicaboyne",24,115.871244553257,1356.72777964584
2486100,"nicaboyne",19,89.803036703175,842.54207650476
2486100,"nicaboyne",14,70.589094474789,441.56174855985
2486100,"nicaboyne",9,45.641072771496,150.986330444137
2486100,"nicaboyne",4,8.072866055283,16.70148337719
2486100,"nicaboyne",0,0.277875633312,0
2436000,"north",30,132.1597567,1789.82702981121
2436000,"north",27,118.58694968691,1413.70697023085
2436000,"north",25,102.526896052726,1192.59312449121
2436000,"north",20,85.7716820983,721.846679113647
2436000,"north",15,58.450295595709,361.291734878625
2436000,"north",10,27.419184722549,146.61803408298
2436000,"north",5,14.368408748424,42.1490504055475
2436000,"north",0,2.491211413795,0
2323800,"northplacidtown",23,33.26230122,276.780431485297
2323800,"northplacidtown",20,29.345665251345,182.868481778279
2323800,"northplacidtown",17,23.025828019545,104.311241871944
2323800,"northplacidtown",14,14.7115832065938,47.7051250327362
2323800,"northplacidtown",11,5.6023693944846,17.2341961311186
2323800,"northplacidtown",8,1.9814352836754,5.8584891138786
2323800,"northplacidtown",5,0.745075547328,1.7687228673735
2323800,"northplacidtown",2,0.2604438185526,0.2604438185526
2323800,"northplacidtown",0,0,0
2310400,"northturtle",58,359.1540938,7235.83442929734
2310400,"northturtle",53,312.6436386529,5556.34009816509
2310400,"northturtle",48,275.966822594044,4084.81394504773
2310400,"northturtle",43,215.65407562221,2855.7616995071
2310400,"northturtle",38,154.432668793062,1930.54483846892
2310400,"northturtle",33,123.22576958278,1236.39874252931
2310400,"northturtle",28,89.838805023132,703.737306014534
2310400,"northturtle",23,60.06852218805,328.968987986579
2310400,"northturtle",18,25.388602890722,115.326175289649
2310400,"northturtle",13,9.40983725756,28.330074918944
2310400,"northturtle",8,0.869152906996,2.632599507554
2310400,"northturtle",3,0.114929310016,0.172393965024
2310400,"northturtle",0,0,0
2485900,"northtwin",20,98.31232708,683.722909910568
2485900,"northtwin",17,83.6893515501208,410.720391965387
2485900,"northtwin",15,61.39604826146,265.634992153806
2485900,"northtwin",10,12.6754083304244,80.456350674095
2485900,"northtwin",5,9.1804051027304,25.816817091208
2485900,"northtwin",0,1.1463217337528,0
2178100,"oliver",31,15.06305883,248.077432266566
2178100,"oliver",26,13.2244618692102,177.35863051854
2178100,"oliver",21,11.1403370494914,116.446633221786
2178100,"oliver",16,8.808876803784,66.5735985885978
2178100,"oliver",11,6.0127211931711,29.5196035962101
2178100,"oliver",6,2.8142312812089,7.45222241026005
2178100,"oliver",1,0.1388814024126,0.0694407012063
2178100,"oliver",0,0,0
1518200,"oneida",34,255.1588792,3381.8745091224
1518200,"oneida",29,215.068316100096,2206.30652087216
1518200,"oneida",24,158.846608657168,1271.519208979
1518200,"oneida",19,101.532821211264,620.570634307924
1518200,"oneida",14,48.32709172048,245.920851978564
1518200,"oneida",9,20.609182672984,73.580165994904
1518200,"oneida",4,4.901602069432,9.803204138864
1518200,"oneida",0,0,0
1872100,"pallette",60,180.2791629,5743.50483687295
1872100,"pallette",55,161.45801829324,4889.16188388985
1872100,"pallette",50,145.82781486981,4120.94730098223
1872100,"pallette",45,132.854926307526,3424.24044803889
1872100,"pallette",40,122.323017610908,2786.2955882428
1872100,"pallette",35,113.181061260249,2197.53539106491
1872100,"pallette",30,107.296749383193,1646.34086445631
1872100,"pallette",25,100.255045280319,1127.46137779753
1872100,"pallette",20,87.188411553327,658.852735713412
1872100,"pallette",15,52.591037401188,309.404113327125
1872100,"pallette",10,25.340039137224,114.576421981095
1872100,"pallette",5,10.144308496383,25.8655528970775
1872100,"pallette",0,0.201912662448,0
1009400,"paradise",48,81.37456359,1578.10586290286
1009400,"paradise",43,67.8436011562548,1205.06045103723
1009400,"paradise",38,57.4659030616221,891.786690492536
1009400,"paradise",33,48.4040316602397,627.111853687881
1009400,"paradise",28,39.5293217551143,407.278470149496
1009400,"paradise",23,30.9011767776666,231.202223817544
1009400,"paradise",18,18.8593688576184,106.800859729331
1009400,"paradise",13,8.6688322592427,37.9803569371786
1009400,"paradise",8,2.7122142044547,9.52774077793515
1009400,"paradise",3,0.6868013166996,1.0302019750494
1009400,"paradise",0,0,0
1872700,"payment",18,64.98304453,537.816572121858
1872700,"payment",13,46.2412846571027,259.755749154101
1872700,"payment",8,22.6160489877759,87.6124150419046
1872700,"payment",3,7.7680731431162,11.6521097146743
1872700,"payment",0,0,0
1481600,"pesobic",11,147.3001345,944.613667528325
1481600,"pesobic",8,132.975196419875,524.200671148513
1481600,"pesobic",6,100.819577058525,290.405897670113
1481600,"pesobic",1,12.7856516746,6.3928258373
1481600,"pesobic",0,0,0
1558400,"pickerel",14,48.96741494,324.750916533781
1558400,"pickerel",9,34.1493855050066,116.958915421265
1558400,"pickerel",4,7.0189892574996,14.0379785149992
1558400,"pickerel",0,0,0
1619700,"pickerel",26,270.3290963,3263.20199383849
1619700,"pickerel",23,235.678312736266,2504.19088028409
1619700,"pickerel",21,204.428269203986,2064.08429834384
1619700,"pickerel",16,151.935765284452,1173.17421212274
1619700,"pickerel",11,100.654335716342,541.698959620755
1619700,"pickerel",6,57.136757793968,147.22122584498
1619700,"pickerel",1,1.45977712002,0.72988856001
1619700,"pickerel",0,0,0
2458900,"pickerel",43,15.00795993,206.227829228914
2458900,"pickerel",38,10.9435042217574,141.34916884952
2458900,"pickerel",33,8.1352147596558,93.6523713959874
2458900,"pickerel",28,5.7680092398969,58.8943113971056
2458900,"pickerel",23,3.9175277805279,34.6804688460436
2458900,"pickerel",18,2.7237946476957,18.0771627754846
2458900,"pickerel",13,1.5189556245153,7.47028709495715
2458900,"pickerel",8,0.5512423682289,2.29479211309665
2458900,"pickerel",3,0.2291715481311,0.34375732219665
2458900,"pickerel",0,0,0
2489200,"pickerel",38,88.82983141,1048.13338294927
2489200,"pickerel",35,75.2131065531611,802.068976004528
2489200,"pickerel",33,52.9541273984433,673.901742052923
2489200,"pickerel",28,44.7293733081914,429.692990286337
2489200,"pickerel",23,32.3305054399836,237.043293415899
2489200,"pickerel",18,15.9867047588577,116.250267918796
2489200,"pickerel",13,8.5969510838598,54.7911283120021
2489200,"pickerel",8,5.0863961465366,20.5827602360111
2489200,"pickerel",3,1.9107296736291,3.08994568559685
2489200,"pickerel",0,0.1492341167688,0
1529700,"pier",15,261.6463003,1736.38296615341
1529700,"pier",10,177.281067231268,639.064547325243
1529700,"pier",5,38.163729361758,100.452555842677
1529700,"pier",0,2.017292975313,0
2157900,"pike",37,188.9219958,2339.49097512985
2157900,"pike",34,167.779735250022,1804.43837855481
2157900,"pike",32,142.203475458618,1494.45516784617
2157900,"pike",27,115.399222694514,850.448422463343
2157900,"pike",22,68.897962648302,389.705459106303
2157900,"pike",17,30.40699522401,141.443064425523
2157900,"pike",12,10.732658581398,38.593929912003
2157900,"pike",7,2.265174729642,6.099346634403
2157900,"pike",2,0.124688517228,0.124688517228
2157900,"pike",0,0,0
2299900,"pike",80,213.7999468,6647.56415588166
2299900,"pike",75,191.09439244984,5635.32830775706
2299900,"pike",70,172.15171716336,4727.21303372406
2299900,"pike",65,155.120413401272,3909.03270731248
2299900,"pike",60,137.197563861028,3178.23776415673
2299900,"pike",55,120.232538082448,2534.66250929804
2299900,"pike",50,105.967805631952,1969.16165001204
2299900,"pike",45,92.990148861192,1471.76676377918
2299900,"pike",40,76.974394846404,1046.85540451019
2299900,"pike",35,64.41792397084,693.37460746708
2299900,"pike",30,46.984676308768,414.86810676806
2299900,"pike",25,29.115276755224,224.61822410808
2299900,"pike",20,14.416530412724,115.78870618821
2299900,"pike",15,8.761521819864,57.84357560674
2299900,"pike",10,4.622354849816,24.38388393254
2299900,"pike",0,0.254421936692,0
1012000,"pine",21,104.0144506,873.513876211053
1012000,"pine",18,91.145782771768,580.773526153401
1012000,"pine",16,81.494281900594,408.133461481039
1012000,"pine",11,32.381778760792,123.443309827574
1012000,"pine",6,7.796923216976,22.996554883154
1012000,"pine",1,1.168082280238,0.584041140119
1012000,"pine",0,0,0
1581700,"pine",32,242.0729673,3253.43647321527
1581700,"pine",27,184.672625293824,2186.57249173071
1581700,"pine",22,148.204332770079,1354.38009657095
1581700,"pine",17,102.087011769756,728.651735221365
1581700,"pine",12,57.364031061081,330.024128144272
1581700,"pine",7,33.662666832738,102.457383409725
1581700,"pine",2,5.22877609368,5.22877609368
1581700,"pine",0,0,0
2309700,"pine",21,186.6125955,1814.42306929077
2309700,"pine",16,148.000583365095,977.890122128033
2309700,"pine",11,93.49664259741,374.14705722177
2309700,"pine",6,27.29395821783,72.17055518367
2309700,"pine",1,1.311886546365,0.6559432731825
2309700,"pine",0,0,0
1623400,"pioneer",27,429.4299403,5155.51041252314
1623400,"pioneer",24,384.455742652381,3934.68188809457
1623400,"pioneer",22,297.29434766969,3252.9317977725
1623400,"pioneer",17,196.854978932923,2017.55848126597
1623400,"pioneer",12,172.763959282093,1093.51113572843
1623400,"pioneer",7,111.819262154717,382.053082136403
1623400,"pioneer",2,29.28712192846,29.28712192846
1623400,"pioneer",0,0,0
2436500,"placid",30,178.3478694,1279.13767151721
2436500,"placid",27,124.055210997252,825.533050921332
2436500,"placid",25,67.5046685679,633.97317135618
2436500,"placid",20,47.82398117961,345.651546987405
2436500,"placid",15,29.887535954052,151.37275415325
2436500,"placid",10,12.0384811845,46.55771130687
2436500,"placid",5,3.292301669124,8.23075417281
2436500,"placid",0,0,0
1012500,"plainfield",12,29.37363108,220.684277722493
1012500,"plainfield",7,22.9218051289851,89.9456872000304
1012500,"plainfield",2,9.32604982216222,9.32604982216222
1012500,"plainfield",0,0,0
2098000,"poskin",30,153.5141227,2646.40309625383
2098000,"poskin",27,142.38434880425,2202.55538899745
2098000,"poskin",25,131.42344044347,1928.74759974973
2098000,"poskin",20,116.606257320466,1308.67335533989
2098000,"poskin",15,93.491635865527,783.42862237491
2098000,"poskin",10,66.42556089229,383.635630480367
2098000,"poskin",5,43.226506669866,109.505461574977
2098000,"poskin",0,0.575677960125,0
2355300,"potato",24,540.3491207,5326.82917550069
2355300,"potato",19,423.703956014491,2916.69648371446
2355300,"potato",14,246.437023477649,1241.34403498411
2355300,"potato",9,103.093208738353,367.518454444105
2355300,"potato",4,24.396762799605,48.79352559921
2355300,"potato",0,0,0
2234600,"price",27,88.98419184,1288.22058590001
2234600,"price",24,81.3279919740864,1032.75231017888
2234600,"price",22,75.049267397856,876.375050806934
2234600,"price",17,65.9381759953584,523.906442323898
2234600,"price",12,46.712251506408,242.280373569482
2234600,"price",7,24.4857800686128,64.2852946319304
2234600,"price",2,0.8773841315424,0.8773841315424
2234600,"price",0,0,0
2426300,"redike",11,37.59118007,257.136452680024
2426300,"redike",8,34.805673626813,148.541172134804
2426300,"redike",6,30.2586444855458,83.4768540224455
2426300,"redike",1,2.6024373962461,1.32414931796575
2426300,"redike",0,0.0458612396854,0
1280400,"redstone",10,604.545156,4224.72588212639
1280400,"redstone",5,473.317842386436,1530.0683861603
1280400,"redstone",0,138.709512077684,0
2263400,"riley",5,184.1882017,613.297589128077
2263400,"riley",0,61.1308339512309,0
1506200,"road",33,78.95164102,1371.30868432715
1506200,"road",28,68.3097493269142,1003.15520845986
1506200,"road",23,59.3274211280688,684.062282322406
1506200,"road",18,47.3962491371264,417.253106659418
1506200,"road",13,32.7941431304774,216.777125990409
1506200,"road",8,21.0635083077258,82.1329973949009
1506200,"road",3,7.3685566563966,11.0528349845949
1506200,"road",0,0,0
2139000,"rockdamlake",10,95.87259943,399.894199482473
2139000,"rockdamlake",7,56.5868843615689,171.20497379512
2139000,"rockdamlake",5,31.647545071843,82.9705443617078
2139000,"rockdamlake",0,1.5406726728401,0
1878200,"round",5,107.8052199,334.75622980738
1878200,"round",2,61.098608378325,81.400487389893
1878200,"round",0,20.301879011568,0
2169200,"round",18,215.790062,2192.65900423665
2169200,"round",15,201.3860753615,1566.8947981944
2169200,"round",13,175.03163508944,1190.47708774346
2169200,"round",8,117.0337401257,460.31364970561
2169200,"round",3,41.93232484784,62.89848727176
2169200,"round",0,0,0
1764500,"sackett",32,60.16933159,830.998822346629
1764500,"sackett",29,58.301687992498,653.292292972882
1764500,"sackett",27,50.9107608297638,544.07984415062
1764500,"sackett",22,38.1067557080137,321.536052806176
1764500,"sackett",17,27.3082323750065,157.998582598626
1764500,"sackett",12,12.3563558845229,58.8371119498021
1764500,"sackett",7,5.13024948876525,15.1205985165817
1764500,"sackett",2,0.655707084191017,0.655707084191017
1764500,"sackett",0,0,0
2254800,"sailor",7,167.8489332,758.642769032694
2254800,"sailor",4,138.305842467468,299.410605531492
2254800,"sailor",2,77.868477090144,83.23628597388
2254800,"sailor",1,43.781715735888,22.411189560864
2254800,"sailor",0,1.04066338584,0
1879700,"sallisbury",16,79.70700308,555.772223305885
1879700,"sallisbury",11,67.0439515006804,188.894836854184
1879700,"sallisbury",6,4.212515112778,10.7536703205382
1879700,"sallisbury",1,0.0741275128644,0.0370637564322
1879700,"sallisbury",0,0,0
1880000,"sand",13,14.84066603,106.468422165823
1880000,"sand",8,10.873756000181,42.1823670903705
1880000,"sand",3,3.7494942724795,5.62424140871925
1880000,"sand",0,0,0
1576100,"shepard",18,178.5943773,1620.45643705005
1576100,"shepard",13,145.627641194193,809.901390814564
1576100,"shepard",8,85.961045682036,230.929673623992
1576100,"shepard",3,3.950507625876,6.150790354212
1576100,"shepard",0,0.150019276932,0
1736200,"sherwood",8,114.1307193,360.282148150275
1736200,"sherwood",5,59.528300572494,99.793618341534
1736200,"sherwood",3,16.106127107616,24.159190661424
1736200,"sherwood",0,0,0
1017400,"silver",39,79.52560568,1243.1601731109
1017400,"silver",34,68.853269397744,872.212985416536
1017400,"silver",29,52.7429721990896,568.222381424452
1017400,"silver",24,39.9401449406664,336.514588575062
1017400,"silver",19,28.0343665143136,166.578309937612
1017400,"silver",14,14.4569598565672,60.34999401041
1017400,"silver",9,4.3548221670368,13.3205389514
1017400,"silver",4,0.540774118624,1.081548237248
1017400,"silver",0,0,0
1599800,"silver",19,57.48932465,481.686954231448
1599800,"silver",16,51.6892266860615,317.919127227356
1599800,"silver",14,40.8777842923825,225.352116248912
1599800,"silver",9,17.9176978136655,78.3634109837918
1599800,"silver",4,7.459814766584,14.919629533168
1599800,"silver",0,0,0
2294500,"six",15,142.441453,845.490444779365
2294500,"six",12,116.11684807107,457.65299317276
2294500,"six",10,86.54457801374,254.99156708795
2294500,"six",5,7.72602441072,19.3150610268
2294500,"six",0,0,0
1018600,"snowden",11,134.7937433,917.193242785386
1018600,"snowden",6,106.669028760455,313.536312634249
1018600,"snowden",1,15.621246911037,7.8106234555185
1018600,"snowden",0,0,0
2323900,"southplacidtwin",26,35.56654097,560.796323907999
2323900,"southplacidtwin",23,33.048429869324,457.873867649013
2323900,"southplacidtwin",21,29.7887563894235,395.036681390266
2323900,"southplacidtwin",16,25.9952291295633,255.576717592799
2323900,"southplacidtwin",11,21.780949690028,136.136270543821
2323900,"southplacidtwin",6,14.0032585107084,46.6757500419795
2323900,"southplacidtwin",1,3.8892012550695,1.94460062753475
2323900,"southplacidtwin",0,0,0
1881900,"sparkling",60,157.1651071,5685.31808812914
1881900,"sparkling",55,143.529462408004,4933.58166435913
1881900,"sparkling",50,133.640633869272,4240.65642366594
1881900,"sparkling",45,126.029127732419,3591.48201966172
1881900,"sparkling",40,116.259744675083,2985.75983864296
1881900,"sparkling",35,106.861271270503,2427.957298779
1881900,"sparkling",30,99.45407977288,1912.16892117054
1881900,"sparkling",25,87.30521699405,1445.27067925321
1881900,"sparkling",20,76.90088690403,1034.75541950801
1881900,"sparkling",15,67.222659608812,674.446553225908
1881900,"sparkling",10,58.015927634894,361.350085116643
1881900,"sparkling",5,35.373150654997,127.877389391915
1881900,"sparkling",0,15.777805101769,0
1882100,"spiderlakechain",62,40.8063223,1019.71775728238
1882100,"spiderlakechain",57,34.169582041128,832.277996429563
1882100,"spiderlakechain",52,29.891039147973,672.12644345681
1882100,"spiderlakechain",47,25.831218142346,532.820800231013
1882100,"spiderlakechain",42,23.617475157571,409.19906698122
1882100,"spiderlakechain",37,18.495873645698,303.915694973048
1882100,"spiderlakechain",32,15.994038025485,217.69091579509
1882100,"spiderlakechain",27,11.347422105184,149.337265468418
1882100,"spiderlakechain",22,8.802331783333,98.9628807471255
1882100,"spiderlakechain",17,6.57797915476,60.512103401893
1882100,"spiderlakechain",12,4.86003298593,31.917073050168
1882100,"spiderlakechain",7,3.169018989818,11.844443110798
1882100,"spiderlakechain",2,1.120541610358,1.120541610358
1882100,"spiderlakechain",0,0,0
1513000,"spirit",9,136.7962745,772.150675303485
1513000,"spirit",6,117.41224240335,390.83789994846
1513000,"spirit",4,91.14188584837,182.28377169674
1513000,"spirit",0,0,0
1611100,"spring",15,88.48540653,629.356878214952
1611100,"spring",10,48.1033215519039,287.885058010192
1611100,"spring",5,31.7078605759602,88.3571026905315
1611100,"spring",0,3.6349805002524,0
1402300,"springvillepond",10,13.95463597,78.4739709416488
1402300,"springvillepond",0,1.74015821832976,0
1882800,"statenaker",77,58.23119138,1680.61885794093
1882800,"statenaker",72,46.2157673506508,1419.5014611143
1882800,"statenaker",67,35.4389207619542,1215.36474083279
1882800,"statenaker",62,31.5240377654768,1047.95734451421
1882800,"statenaker",57,28.806970375686,897.129824161306
1882800,"statenaker",52,26.7863480348,758.146528135091
1882800,"statenaker",47,25.0021443309168,628.675297220799
1882800,"statenaker",42,22.861565735788,509.016022054037
1882800,"statenaker",37,20.6621736373654,400.206673621154
1882800,"statenaker",32,18.1733725177842,303.11780823328
1882800,"statenaker",27,15.3998208723548,219.184824757932
1882800,"statenaker",22,13.1375390872418,147.841424858941
1882800,"statenaker",17,11.2491015507884,86.8748232638651
1882800,"statenaker",12,7.587524236814,39.7832587948591
1882800,"statenaker",7,3.846170190649,11.1990227262016
1882800,"statenaker",2,0.4524563570226,0.4524563570226
1882800,"statenaker",0,0,0
2323600,"stearns",16,232.4818432,2403.65302502912
2323600,"stearns",11,201.501312775168,1318.6951350912
2323600,"stearns",6,143.97600549376,455.00183941888
2323600,"stearns",1,31.68727522816,15.84363761408
2323600,"stearns",0,0,0
1575700,"stella",22,415.1614311,3825.16457449745
1575700,"stella",19,372.985181314551,2642.94465587562
1575700,"stella",17,330.75911215737,1939.2003624037
1575700,"stella",12,185.959108218312,647.404811464495
1575700,"stella",7,35.708034688911,93.236954196438
1575700,"stella",2,1.133390706903,1.133390706903
1575700,"stella",0,0,0
1513800,"stone",16,86.83095319,681.388538967887
1513800,"stone",13,70.098628510287,445.994166417456
1513800,"stone",11,60.8389756621054,315.056562245064
1513800,"stone",6,28.2217964058138,92.4046320752661
1513800,"stone",1,7.2833803535772,3.6416901767886
1513800,"stone",0,0,0
2272700,"stone",14,249.2637904,1676.87728243373
2272700,"stone",11,228.878997621088,959.663100402096
2272700,"stone",9,202.347359770912,528.436743010096
2272700,"stone",4,5.015187462848,10.030374925696
2272700,"stone",0,0,0
1884200,"street",22,45.98107281,615.513676092134
1884200,"street",19,44.0089445971791,480.528649981366
1884200,"street",16,39.0981660210711,355.86798405399
1884200,"street",13,33.3744420776823,247.15907190586
1884200,"street",10,28.5045866563752,154.340528804774
1884200,"street",7,21.9104410046931,78.7179873131717
1884200,"street",4,13.7593762276644,25.2132614646354
1884200,"street",1,2.2870985615694,1.1435492807847
1884200,"street",0,0,0
1825100,"strum",8,54.86276102,176.055974288187
1825100,"strum",5,27.4825518301448,52.5380050129695
1825100,"strum",3,10.0221812731299,15.0332719096948
1825100,"strum",0,0,0
1020400,"sugarcamp",38,519.1406664,6646.19455345272
1020400,"sugarcamp",33,407.2658527908,4330.17825547572
1020400,"sugarcamp",28,224.45046711804,2750.88745570362
1020400,"sugarcamp",23,161.836911343536,1785.16900954968
1020400,"sugarcamp",18,132.931159038384,1048.24883359488
1020400,"sugarcamp",13,99.410246208936,467.39532047658
1020400,"sugarcamp",8,38.997846859968,121.37508780432
1020400,"sugarcamp",3,5.9701176636,8.9551764954
1020400,"sugarcamp",0,0,0
1020600,"sunday",43,87.01406359,1438.73142400695
1020600,"sunday",38,74.8982253757284,1033.95070159263
1020600,"sunday",33,59.7769214050582,697.26283464066
1020600,"sunday",28,44.0595710987965,437.671603381023
1020600,"sunday",23,31.1397229369533,249.673368291649
1020600,"sunday",18,19.6225414801809,122.767707248813
1020600,"sunday",13,10.232853878184,48.1292188529008
1020600,"sunday",8,3.6302267329748,13.4715173250038
1020600,"sunday",3,1.0989876231417,1.64848143471255
1020600,"sunday",0,0,0
1020900,"sunset",30,207.2187808,3111.42729309254
1020900,"sunset",27,192.22650200912,2512.25936887886
1020900,"sunset",25,170.433302832384,2149.59956403736
1020900,"sunset",20,123.57491993008,1414.5790071312
1020900,"sunset",15,96.887213150848,863.42367442888
1020900,"sunset",10,78.202295686112,425.69990233648
1020900,"sunset",5,43.94074246864,120.3423069496
1020900,"sunset",0,4.1961803112,0
1572500,"sunset",16,34.48303389,321.471876573253
1572500,"sunset",11,25.6108941004419,171.237056597148
1572500,"sunset",6,17.5549677230601,63.3224020383932
1572500,"sunset",1,6.4783275769143,3.23916378845715
1572500,"sunset",0,0,0
1528700,"swampsauger",15,135.6444717,1146.03979472254
1528700,"swampsauger",10,106.876992141864,539.736135117885
1528700,"swampsauger",5,54.128926431885,137.221338683512
1528700,"swampsauger",0,0.75960904152,0
2473500,"tahkodah",18,147.8271905,1696.96079840213
2473500,"tahkodah",15,138.317467335135,1267.74381164942
2473500,"tahkodah",13,128.25191393399,1001.1744303803
2473500,"tahkodah",8,113.656935415925,396.402307005513
2473500,"tahkodah",3,28.064992116425,42.0974881746375
2473500,"tahkodah",0,0,0
1603600,"tambling",11,171.9966892,1022.85657082139
1603600,"tambling",6,114.737271398428,306.021669325316
1603600,"tambling",1,6.224560182148,3.617090373876
1603600,"tambling",0,1.009620565604,0
1269100,"tarrant",5,23.57459773,95.9093610558795
1269100,"tarrant",2,19.0470962359535,31.9768201069493
1269100,"tarrant",0,12.9297238709958,0
1714900,"tealflowage",10,15.50793079,78.3480048424288
1714900,"tealflowage",7,12.0336890551163,37.0355750747543
1714900,"tealflowage",5,7.113487853373,17.888398166265
1714900,"tealflowage",0,0.041871413133,0
1859400,"ten",37,42.01004652,708.355340100237
1859400,"ten",32,38.023293105252,508.271991037106
1859400,"ten",27,28.9424014494888,340.857754650254
1859400,"ten",22,22.5820804063608,212.04655001063
1859400,"ten",17,14.947174551816,118.223412615188
1859400,"ten",12,9.0519047236644,58.2257144264874
1859400,"ten",7,5.5188598113324,21.7988030889954
1859400,"ten",2,2.2861867316184,2.2861867316184
1859400,"ten",0,0,0
1572200,"third",14,96.66354055,622.352739664687
1572200,"third",9,56.658367657977,239.047969144744
1572200,"third",4,21.644899999956,43.289799999912
1572200,"third",0,0,0
2151200,"tildenmillpond",11,48.26914991,138.504222789003
2151200,"tildenmillpond",8,19.2540812075999,37.2193761126028
2151200,"tildenmillpond",6,4.5826730924554,13.3826218125475
2151200,"tildenmillpond",1,0.641979693803,0.3209898469015
2151200,"tildenmillpond",0,0,0
1342100,"tomah",17,245.4944985,1074.26183093114
1342100,"tomah",14,168.72345892908,452.934894787515
1342100,"tomah",12,78.64170764949,205.569728208945
1342100,"tomah",7,1.652177974905,4.8350141479575
1342100,"tomah",2,0.20130548877,0.20130548877
1342100,"tomah",0,0,0
1586800,"tomdoyle",30,107.591252,1665.35065612574
1586800,"tomdoyle",27,101.1411564426,1352.25204346184
1586800,"tomdoyle",25,93.03630742944,1158.0745795898
1586800,"tomdoyle",20,77.2666576238,732.3171669567
1586800,"tomdoyle",15,62.537415225,382.8069848347
1586800,"tomdoyle",10,35.79668545292,136.9717331399
1586800,"tomdoyle",5,9.25392358452,24.3452105463
1586800,"tomdoyle",0,0.484160634,0
1023100,"townline",23,61.27204596,712.191949893302
1023100,"townline",18,48.06792005562,438.842034854252
1023100,"townline",13,34.7461518229968,231.80685515771
1023100,"townline",8,23.2600940873352,86.7912403818804
1023100,"townline",3,7.1602512908856,10.7403769363284
1023100,"townline",0,0,0
2172600,"townline",26,44.8272166,370.814321892528
2172600,"townline",21,29.386033569964,185.281196467618
2172600,"townline",16,15.742421925588,72.460057728738
2172600,"townline",11,5.042165323168,20.498589606848
2172600,"townline",6,1.4344709312,4.306998970928
2172600,"townline",1,0.240273880976,0.120136940488
2172600,"townline",0,0,0
1711500,"trow",9,38.03135898,171.092333783824
1711500,"trow",4,16.8919858519609,33.7839717039218
1711500,"trow",0,0,0
2269000,"tucker",32,106.8238084,1481.32735343993
2269000,"tucker",29,98.805613341496,1172.88322082768
2269000,"tucker",27,90.098404718812,983.979202767374
2269000,"tucker",22,70.175764452212,583.293779839814
2269000,"tucker",17,47.743832926296,288.494786393544
2269000,"tucker",12,26.399367769892,103.136784653074
2269000,"tucker",7,6.47352278904,20.954558255744
2269000,"tucker",2,1.363071795184,1.363071795184
2269000,"tucker",0,0,0
1482400,"tug",20,151.4506102,1549.70322381048
1482400,"tug",15,114.899519934332,883.82789847465
1482400,"tug",10,79.971980210008,396.6491481138
1482400,"tug",5,38.586586466756,100.25273142189
1482400,"tug",0,1.514506102,0
1887500,"twoisland",38,29.40533518,354.747433878279
1887500,"twoisland",33,24.837216359787,219.141055028812
1887500,"twoisland",28,16.9457065575304,114.683747735518
1887500,"twoisland",23,9.5223296913394,48.5136571133435
1887500,"twoisland",18,3.885915044037,14.9930452749025
1887500,"twoisland",13,0.7368976996108,3.436013415783
1887500,"twoisland",8,0.2952295652072,0.855695253738
1887500,"twoisland",3,0.02940533518,0.04410800277
1887500,"twoisland",0,0,0
1621800,"upperbuckatabon",47,493.003345,9808.6072108489
1621800,"upperbuckatabon",42,396.9860135278,7583.6338145294
1621800,"upperbuckatabon",37,347.6462387602,5722.0531838094
1621800,"upperbuckatabon",32,314.93546681945,4065.59891986028
1621800,"upperbuckatabon",27,267.64658596705,2609.14378789403
1621800,"upperbuckatabon",22,202.2694123866,1434.3537920099
1621800,"upperbuckatabon",17,129.16194635655,605.775395152025
1621800,"upperbuckatabon",12,36.46745742965,191.701885686525
1621800,"upperbuckatabon",7,17.96011185835,55.632962466525
1621800,"upperbuckatabon",2,3.0664808059,3.0664808059
1621800,"upperbuckatabon",0,0,0
2330800,"uppergresham",32,362.1316805,4849.667465256
2330800,"uppergresham",27,285.75810908255,3229.94299129963
2330800,"uppergresham",22,222.084495700235,1960.33647934266
2330800,"uppergresham",17,183.162582680095,947.218783391838
2330800,"uppergresham",12,69.692241912225,315.081721911038
2330800,"uppergresham",7,27.764635943935,71.4395272706375
2330800,"uppergresham",2,0.5794106888,0.5794106888
2330800,"uppergresham",0,0,0
2098800,"uppervermilion",9,91.47292727,509.801034542891
2098800,"uppervermilion",6,79.0225471392803,254.057822928971
2098800,"uppervermilion",4,58.3450919298968,116.690183859794
2098800,"uppervermilion",0,0,0
1176400,"vandercook",20,97.31094152,1191.85468064281
1176400,"vandercook",15,88.5685265338432,727.1560105082
1176400,"vandercook",10,71.7337336508832,326.400360046384
1176400,"vandercook",5,29.4132051838352,73.533012959588
1176400,"vandercook",0,0,0
1176700,"virgin",30,38.44157314,318.674875094629
1176700,"virgin",25,29.9252270265644,147.757874678218
1176700,"virgin",20,9.754549184275,48.5584341511195
1176700,"virgin",15,3.9664015165852,14.256057398969
1176700,"virgin",10,0.6646547995906,2.6784166085295
1176700,"virgin",5,0.1833663038778,0.5583638498585
1176700,"virgin",0,0.0399792360656,0
1332700,"wazeda",12,51.51763249,281.94544150311
1332700,"wazeda",9,40.7731150578856,143.509320181281
1332700,"wazeda",7,28.7854771537875,73.950727969608
1332700,"wazeda",2,0.5677243100398,0.5677243100398
1332700,"wazeda",0,0,0
1522900,"westhorsehead",23,145.2681853,1429.55515790024
1522900,"westhorsehead",18,109.857612451272,791.74066352206
1522900,"westhorsehead",13,77.272505806629,323.915367877308
1522900,"westhorsehead",8,19.470294875759,82.0583661713375
1522900,"westhorsehead",3,8.345657245485,12.5184858682275
1522900,"westhorsehead",0,0,0
1177200,"westmitchell",13,54.98986694,347.811557495889
1177200,"westmitchell",8,36.2672192685775,119.668841974446
1177200,"westmitchell",3,7.25019845075046,10.8752976761257
1177200,"westmitchell",0,0,0
2340500,"whitebirch",27,112.9189406,1401.18403335966
2340500,"whitebirch",22,91.66759597908,889.717691911956
2340500,"whitebirch",17,57.62253538818,516.492363493806
2340500,"whitebirch",12,41.780008022,267.986004968356
2340500,"whitebirch",7,27.493503657288,94.802225770136
2340500,"whitebirch",2,7.448133321976,7.448133321976
2340500,"whitebirch",0,0,0
1177600,"widley",22,44.77106502,561.897236835584
1177600,"widley",17,39.9026594097252,350.212925761271
1177600,"widley",12,29.222074138554,177.401091890573
1177600,"widley",7,14.0237302383446,69.2865809483265
1177600,"widley",2,9.140012923833,11.3772230428824
1177600,"widley",0,2.2372101190494,0
2336800,"wildcat",36,293.072607,3456.4690196973
2336800,"wildcat",33,256.6143746892,2631.9385471635
2336800,"wildcat",31,225.18526831452,2150.13890415978
2336800,"wildcat",26,157.2041463948,1194.16536738648
2336800,"wildcat",21,85.75597553427,586.765062563805
2336800,"wildcat",16,45.2797177815,259.17582927438
2336800,"wildcat",11,19.21090938885,97.949261348505
2336800,"wildcat",6,9.11748880377,27.128265866955
2336800,"wildcat",1,1.44484795251,0.722423976255
2336800,"wildcat",0,0,0
1529500,"willow",6,409.6227292,1111.73656818526
1529500,"willow",5,387.097575321292,713.376415924614
1529500,"willow",4,308.945654817224,365.354800855356
1529500,"willow",3,207.55583688564,107.104055003924
1529500,"willow",2,2.674836421676,1.988718350266
1529500,"willow",1,0.651300139428,0.325650069714
1529500,"willow",0,0,0
2297000,"wilson",21,155.1961623,2128.12039171145
2297000,"wilson",18,146.553288021513,1675.49621622918
2297000,"wilson",16,134.402980475046,1394.53994773262
2297000,"wilson",11,105.640475715987,794.431307255035
2297000,"wilson",6,84.754176193653,318.444677480935
2297000,"wilson",1,35.519745665601,17.7598728328005
2297000,"wilson",0,0,0
2420000,"wilson",25,103.0643487,1104.99410815218
2420000,"wilson",20,84.137611704732,636.98920714035
2420000,"wilson",15,52.84109157849,294.542448932295
2420000,"wilson",10,23.21009132724,104.41449166797
2420000,"wilson",5,7.963782224049,26.4798077897475
2420000,"wilson",0,2.62814089185,0
2046700,"wintergreen",15,49.62741362,410.347991572991
2046700,"wintergreen",10,34.9242997868026,198.968708055985
2046700,"wintergreen",5,20.4822261492464,60.4523932158625
2046700,"wintergreen",0,3.6987311370986,0
1177500,"witches",40,27.96778071,476.645097917281
1177500,"witches",35,23.2373102807106,348.632370440505
1177500,"witches",30,18.651712955499,243.909812349981
1177500,"witches",25,14.6783303500293,160.58470408616
1177500,"witches",20,11.2533959242827,95.7553884003802
1177500,"witches",15,7.9501213446246,47.746595228112
1177500,"witches",10,4.3708047693588,16.9442799431535
1177500,"witches",5,1.2034536039513,3.00863400987825
1177500,"witches",0,0,0
1467100,"wood",33,62.24585105,766.611187112653
1467100,"wood",30,54.2565960677325,591.857516436054
1467100,"wood",28,47.9548261074305,489.646094260891
1467100,"wood",23,32.677826884229,288.064461781742
1467100,"wood",18,20.34194412314,155.51503426332
1467100,"wood",13,12.218860561115,74.1130225526825
1467100,"wood",8,7.147068617561,25.6981996059925
1467100,"wood",3,1.9576320155225,2.93644802328375
1467100,"wood",0,0,0
